{
    "models": {
        "denoiser": {
            "name": "ElasticLatentFlowModel",
            "args": {
                "resolution": 128,
                "in_channels": 8,
                "out_channels": 8,
                "model_channels": 512,
                "cond_channels": 1024,
                "num_blocks": 8,
                "num_heads": 8,
                "mlp_ratio": 4,
                "patch_size": 2,
                "num_io_res_blocks": 2,
                "io_block_channels": [128],
                "pe_mode": "ape",
                "qk_rms_norm": true,
                "use_fp16": true
            }
        }
    },
    "dataset": {
        "name": "StructureLatent",
        "args": {
            "normalization": {
                "mean": [
                    -0.004226118788878192, 
                    0.7038854278139711, 
                    -0.8523671026912332, 
                    0.9154423579492261, 
                    -0.8408638213978546, 
                    0.9756110003071319, 
                    0.4446983259621712, 
                    0.19115050468288472
                ],
                "std": [
                    0.0008604034712799788, 
                    0.00038592734608419846, 
                    0.00039938315398282536, 
                    0.000860393033396797, 
                    0.0014126360595477028, 
                    0.0005721182508914694, 
                    0.001666064819672024, 
                    0.0006297753562062641
                ]
            },
            "latent_dec_path": "/home/users1/wychuan/terrain_dataset/outputs/vae_dec_gs_gmm_260127",
            "latent_dec_ckpt": "ema0.9999_step1000000"
        }
    },
    "trainer": {
        "name": "StructureFlowMatchingTrainer",
        "args": {
            "max_steps": 1000000,
            "batch_size_per_gpu": 8,
            "batch_split": 4,
            "optimizer": {
                "name": "AdamW",
                "args": {
                    "lr": 1e-5,
                    "weight_decay": 0.0
                }
            },
            "ema_rate": [
                0.9999
            ],
            "fp16_mode": "inflat_all",
            "fp16_scale_growth": 0.0001,
            "elastic": {
                "name": "LinearMemoryController",
                "args": {
                    "target_ratio": 0.75,
                    "max_mem_ratio_start": 0.5
                }
            },
            "grad_clip": {
                "name": "AdaptiveGradClipper",
                "args": {
                    "max_norm": 50.0,
                    "clip_percentile": 95
                }
            },
            "i_log": 100,
            "i_sample": 10000,
            "i_save": 10000,
            "p_uncond": 0.1,
            "t_schedule": {
                "name": "logitNormal",
                "args": {
                    "mean": 1.0,
                    "std": 1.0
                }
            },
            "sigma_min": 1e-4,
            "image_cond_model": "dinov2_vitl14_reg"
        }
    }
}